"Position","Name","Salary","GameInfo","AvgPointsPerGame","teamAbbrev"
"SF/PF","LeBron James",11800,"ATL@CLE 12/12/2017 07:00PM ET",57.139,"CLE"
"C","Joel Embiid",10100,"PHI@MIN 12/12/2017 09:30PM ET",46.774,"PHI"
"PG/SF","Ben Simmons",9800,"PHI@MIN 12/12/2017 09:30PM ET",46.09,"PHI"
"C","Andre Drummond",9400,"DEN@DET 12/12/2017 07:00PM ET",43.933,"DET"
"C","Karl-Anthony Towns",8700,"PHI@MIN 12/12/2017 09:30PM ET",41.75,"MIN"
"SG","Bradley Beal",8600,"WAS@BKN 12/12/2017 07:30PM ET",36.788,"WAS"
"PF/C","Kristaps Porzingis",8500,"LAL@NY 12/12/2017 07:00PM ET",40.682,"NY"
"C","Nikola Jokic",8400,"DEN@DET 12/12/2017 07:00PM ET",39.881,"DEN"
"PF/C","LaMarcus Aldridge",8300,"SA@DAL 12/12/2017 08:30PM ET",39.644,"SA"
"PG","John Wall",8200,"WAS@BKN 12/12/2017 07:30PM ET",42.313,"WAS"
"PF/C","Kevin Love",8200,"ATL@CLE 12/12/2017 07:00PM ET",38.058,"CLE"
"SG","Jimmy Butler",8000,"PHI@MIN 12/12/2017 09:30PM ET",37.15,"MIN"
"SG/SF","Devin Booker",7800,"PHO@SAC 12/12/2017 10:00PM ET",38.3,"PHO"
"PG","Dennis Schroder",7600,"ATL@CLE 12/12/2017 07:00PM ET",35.156,"ATL"
"SG/SF","Will Barton",7400,"DEN@DET 12/12/2017 07:00PM ET",31.135,"DEN"
"SF/PF","Kawhi Leonard",7300,"SA@DAL 12/12/2017 08:30PM ET",0,"SA"
"SF/PF","Otto Porter Jr.",7200,"WAS@BKN 12/12/2017 07:30PM ET",32.05,"WAS"
"PF/C","Zach Randolph",7100,"PHO@SAC 12/12/2017 10:00PM ET",29.031,"SAC"
"SF/PF","T.J. Warren",6900,"PHO@SAC 12/12/2017 10:00PM ET",30.536,"PHO"
"PG/SG","D'Angelo Russell",6800,"WAS@BKN 12/12/2017 07:30PM ET",36.458,"BKN"
"SG","Gary Harris",6700,"DEN@DET 12/12/2017 07:00PM ET",27.771,"DEN"
"SG/SF","Brandon Ingram",6700,"LAL@NY 12/12/2017 07:00PM ET",30.03,"LAL"
"PF/C","Paul Millsap",6600,"DEN@DET 12/12/2017 07:00PM ET",31.828,"DEN"
"SF/PF","Tobias Harris",6600,"DEN@DET 12/12/2017 07:00PM ET",30.721,"DET"
"PG","Lonzo Ball",6600,"LAL@NY 12/12/2017 07:00PM ET",32.23,"LAL"
"PG","Isaiah Thomas",6500,"ATL@CLE 12/12/2017 07:00PM ET",0,"CLE"
"PG","Jeff Teague",6500,"PHI@MIN 12/12/2017 09:30PM ET",31.696,"MIN"
"PF/C","Enes Kanter",6400,"LAL@NY 12/12/2017 07:00PM ET",30.359,"NY"
"SG/SF","Tim Hardaway Jr.",6300,"LAL@NY 12/12/2017 07:00PM ET",31.238,"NY"
"SF/PF","Harrison Barnes",6300,"SA@DAL 12/12/2017 08:30PM ET",32.38,"DAL"
"SF/PF","Robert Covington",6200,"PHI@MIN 12/12/2017 09:30PM ET",31.49,"PHI"
"PG/SG","Spencer Dinwiddie",6100,"WAS@BKN 12/12/2017 07:30PM ET",27.45,"BKN"
"SF/PF","Andrew Wiggins",6000,"PHI@MIN 12/12/2017 09:30PM ET",29.269,"MIN"
"PF/C","Taj Gibson",6000,"PHI@MIN 12/12/2017 09:30PM ET",26.694,"MIN"
"PG","Reggie Jackson",5900,"DEN@DET 12/12/2017 07:00PM ET",28.394,"DET"
"SF/PF","Rondae Hollis-Jefferson",5800,"WAS@BKN 12/12/2017 07:30PM ET",27.136,"BKN"
"SF/PF","Rudy Gay",5800,"SA@DAL 12/12/2017 08:30PM ET",24.68,"SA"
"SG/SF","Courtney Lee",5700,"LAL@NY 12/12/2017 07:00PM ET",24.481,"NY"
"PF/C","Pau Gasol",5700,"SA@DAL 12/12/2017 08:30PM ET",28.865,"SA"
"PF/C","Dario Saric",5700,"PHI@MIN 12/12/2017 09:30PM ET",25.19,"PHI"
"SG/SF","Caris LeVert",5600,"WAS@BKN 12/12/2017 07:30PM ET",24.15,"BKN"
"SG/SF","Buddy Hield",5600,"PHO@SAC 12/12/2017 10:00PM ET",22.625,"SAC"
"PG/SG","Jamal Murray",5500,"DEN@DET 12/12/2017 07:00PM ET",22.644,"DEN"
"SF/PF","DeMarre Carroll",5500,"WAS@BKN 12/12/2017 07:30PM ET",27.761,"BKN"
"PF/C","John Collins",5500,"ATL@CLE 12/12/2017 07:00PM ET",24.202,"ATL"
"SG","Kentavious Caldwell-Pope",5500,"LAL@NY 12/12/2017 07:00PM ET",27.489,"LAL"
"SG/SF","Taurean Prince",5400,"ATL@CLE 12/12/2017 07:00PM ET",25.99,"ATL"
"SG/SF","J.J. Redick",5400,"PHI@MIN 12/12/2017 09:30PM ET",27.24,"PHI"
"PG/SG","Dwyane Wade",5300,"ATL@CLE 12/12/2017 07:00PM ET",24.635,"CLE"
"SG/SF","Kent Bazemore",5300,"ATL@CLE 12/12/2017 07:00PM ET",26.99,"ATL"
"SF/PF","Kyle Kuzma",5300,"LAL@NY 12/12/2017 07:00PM ET",28.083,"LAL"
"PF/C","Willie Cauley-Stein",5300,"PHO@SAC 12/12/2017 10:00PM ET",23.946,"SAC"
"PG/SG","Avery Bradley",5200,"DEN@DET 12/12/2017 07:00PM ET",24.846,"DET"
"PF/C","Kenneth Faried",5200,"DEN@DET 12/12/2017 07:00PM ET",15.761,"DEN"
"C","Marcin Gortat",5200,"WAS@BKN 12/12/2017 07:30PM ET",25.471,"WAS"
"C","Dewayne Dedmon",5200,"ATL@CLE 12/12/2017 07:00PM ET",25.038,"ATL"
"SF/PF","Ersan Ilyasova",5200,"ATL@CLE 12/12/2017 07:00PM ET",20.133,"ATL"
"PG/SG","Dennis Smith Jr.",5200,"SA@DAL 12/12/2017 08:30PM ET",26.967,"DAL"
"PG/SF","Kyle Anderson",5200,"SA@DAL 12/12/2017 08:30PM ET",24.489,"SA"
"SF/PF","Markieff Morris",5100,"WAS@BKN 12/12/2017 07:30PM ET",19.395,"WAS"
"PG/SG","J.J. Barea",5100,"SA@DAL 12/12/2017 08:30PM ET",25.093,"DAL"
"PF/C","Greg Monroe",5000,"PHO@SAC 12/12/2017 10:00PM ET",22.219,"PHO"
"PG/SG","Jordan Clarkson",4900,"LAL@NY 12/12/2017 07:00PM ET",24.28,"LAL"
"SG/SF","Danny Green",4900,"SA@DAL 12/12/2017 08:30PM ET",22.08,"SA"
"PF/C","Julius Randle",4800,"LAL@NY 12/12/2017 07:00PM ET",24.85,"LAL"
"SG/SF","Kelly Oubre Jr.",4700,"WAS@BKN 12/12/2017 07:30PM ET",22.279,"WAS"
"SF/PF","Larry Nance Jr.",4700,"LAL@NY 12/12/2017 07:00PM ET",23.679,"LAL"
"PG","De'Aaron Fox",4700,"PHO@SAC 12/12/2017 10:00PM ET",21.192,"SAC"
"PF/C","Dirk Nowitzki",4600,"SA@DAL 12/12/2017 08:30PM ET",23.056,"DAL"
"PF/C","Mason Plumlee",4500,"DEN@DET 12/12/2017 07:00PM ET",17.115,"DEN"
"PG","Jarrett Jack",4500,"LAL@NY 12/12/2017 07:00PM ET",19.865,"NY"
"PF/C","Alex Len",4500,"PHO@SAC 12/12/2017 10:00PM ET",23.489,"PHO"
"C","Tyson Chandler",4500,"PHO@SAC 12/12/2017 10:00PM ET",22.763,"PHO"
"SG/SF","Wesley Matthews",4500,"SA@DAL 12/12/2017 08:30PM ET",23.194,"DAL"
"PG","Emmanuel Mudiay",4400,"DEN@DET 12/12/2017 07:00PM ET",19.712,"DEN"
"SF/PF","Wilson Chandler",4400,"DEN@DET 12/12/2017 07:00PM ET",20,"DEN"
"SG/SF","Allen Crabbe",4400,"WAS@BKN 12/12/2017 07:30PM ET",21.682,"BKN"
"PF","Mike Scott",4400,"WAS@BKN 12/12/2017 07:30PM ET",14.198,"WAS"
"SF/PF","Jeff Green",4400,"ATL@CLE 12/12/2017 07:00PM ET",18.954,"CLE"
"C","Brook Lopez",4400,"LAL@NY 12/12/2017 07:00PM ET",25.57,"LAL"
"SF/PF","Trey Lyles",4300,"DEN@DET 12/12/2017 07:00PM ET",13.262,"DEN"
"SG/SF","Josh Jackson",4300,"PHO@SAC 12/12/2017 10:00PM ET",17.42,"PHO"
"PG","Mike James",4300,"PHO@SAC 12/12/2017 10:00PM ET",21.973,"PHO"
"PG","T.J. McConnell",4300,"PHI@MIN 12/12/2017 09:30PM ET",20.845,"PHI"
"PF/C","Trevor Booker",4300,"PHI@MIN 12/12/2017 09:30PM ET",22.975,"PHI"
"C","Jahlil Okafor",4200,"WAS@BKN 12/12/2017 07:30PM ET",12.625,"BKN"
"PG","Tyler Ulis",4200,"PHO@SAC 12/12/2017 10:00PM ET",17.769,"PHO"
"PG","Patty Mills",4200,"SA@DAL 12/12/2017 08:30PM ET",19.963,"SA"
"SG","Marco Belinelli",4100,"ATL@CLE 12/12/2017 07:00PM ET",21.471,"ATL"
"PF/C","Marquese Chriss",4100,"PHO@SAC 12/12/2017 10:00PM ET",17.277,"PHO"
"PG/SG","Seth Curry",4100,"SA@DAL 12/12/2017 08:30PM ET",0,"DAL"
"PG/SG","George Hill",4000,"PHO@SAC 12/12/2017 10:00PM ET",18.5,"SAC"
"PG","Tony Parker",4000,"SA@DAL 12/12/2017 08:30PM ET",18.958,"SA"
"SG/SF","J.R. Smith",3900,"ATL@CLE 12/12/2017 07:00PM ET",17.88,"CLE"
"PF/C","Kyle O'Quinn",3900,"LAL@NY 12/12/2017 07:00PM ET",18.856,"NY"
"SG","Troy Daniels",3900,"PHO@SAC 12/12/2017 10:00PM ET",9.714,"PHO"
"PG/SG","Frank Mason III",3900,"PHO@SAC 12/12/2017 10:00PM ET",15.711,"SAC"
"PG","Dejounte Murray",3900,"SA@DAL 12/12/2017 08:30PM ET",17.817,"SA"
"PG","Ish Smith",3800,"DEN@DET 12/12/2017 07:00PM ET",18.49,"DET"
"PG/SG","Tomas Satoransky",3800,"WAS@BKN 12/12/2017 07:30PM ET",13.353,"WAS"
"PF/C","Tristan Thompson",3800,"ATL@CLE 12/12/2017 07:00PM ET",13.781,"CLE"
"PF","Tyler Cavanaugh",3800,"ATL@CLE 12/12/2017 07:00PM ET",11.353,"ATL"
"SG/SF","Bogdan Bogdanovic",3800,"PHO@SAC 12/12/2017 10:00PM ET",18.326,"SAC"
"PG/SG","Yogi Ferrell",3800,"SA@DAL 12/12/2017 08:30PM ET",17.722,"DAL"
"PG/SG","Markelle Fultz",3800,"PHI@MIN 12/12/2017 09:30PM ET",12.438,"PHI"
"PF/C","Gorgui Dieng",3800,"PHI@MIN 12/12/2017 09:30PM ET",15.802,"MIN"
"PF/C","Richaun Holmes",3800,"PHI@MIN 12/12/2017 09:30PM ET",14.417,"PHI"
"SG/SF","Stanley Johnson",3700,"DEN@DET 12/12/2017 07:00PM ET",17.098,"DET"
"PG","Tim Frazier",3700,"WAS@BKN 12/12/2017 07:30PM ET",14.231,"WAS"
"SG/SF","Joe Harris",3700,"WAS@BKN 12/12/2017 07:30PM ET",18.141,"BKN"
"SG/SF","Kyle Korver",3700,"ATL@CLE 12/12/2017 07:00PM ET",17.139,"CLE"
"SF/PF","Luke Babbitt",3700,"ATL@CLE 12/12/2017 07:00PM ET",13.598,"ATL"
"SG/SF","DeAndre' Bembry",3700,"ATL@CLE 12/12/2017 07:00PM ET",12.896,"ATL"
"SF/PF","Jae Crowder",3700,"ATL@CLE 12/12/2017 07:00PM ET",15.87,"CLE"
"SF/PF","Michael Beasley",3700,"LAL@NY 12/12/2017 07:00PM ET",13.85,"NY"
"SF/PF","Doug McDermott",3700,"LAL@NY 12/12/2017 07:00PM ET",15.423,"NY"
"PG/SG","Garrett Temple",3700,"PHO@SAC 12/12/2017 10:00PM ET",16.21,"SAC"
"SF/PF","Jakarr Sampson",3700,"PHO@SAC 12/12/2017 10:00PM ET",13.75,"SAC"
"PF","Jared Dudley",3700,"PHO@SAC 12/12/2017 10:00PM ET",12.354,"PHO"
"PF/C","Dwight Powell",3700,"SA@DAL 12/12/2017 08:30PM ET",15.875,"DAL"
"SG/SF","Manu Ginobili",3700,"SA@DAL 12/12/2017 08:30PM ET",16.182,"SA"
"SG","Malik Beasley",3600,"DEN@DET 12/12/2017 07:00PM ET",7.398,"DEN"
"SF/PF","Anthony Tolliver",3600,"DEN@DET 12/12/2017 07:00PM ET",13.696,"DET"
"PG/SG","Nik Stauskas",3600,"WAS@BKN 12/12/2017 07:30PM ET",2.125,"BKN"
"PG","Derrick Rose",3600,"ATL@CLE 12/12/2017 07:00PM ET",19.786,"CLE"
"PG/SG","Frank Ntilikina",3600,"LAL@NY 12/12/2017 07:00PM ET",14.978,"NY"
"SG","Brandon Paul",3600,"SA@DAL 12/12/2017 08:30PM ET",8.79,"SA"
"PG/SG","Bryn Forbes",3600,"SA@DAL 12/12/2017 08:30PM ET",11.048,"SA"
"PF","Maxi Kleber",3600,"SA@DAL 12/12/2017 08:30PM ET",11.905,"DAL"
"PF/C","Amir Johnson",3600,"PHI@MIN 12/12/2017 09:30PM ET",15.896,"PHI"
"SG","Jamal Crawford",3600,"PHI@MIN 12/12/2017 09:30PM ET",14.981,"MIN"
"SF/PF","Juancho Hernangomez",3500,"DEN@DET 12/12/2017 07:00PM ET",9.481,"DEN"
"C","Tyler Zeller",3500,"WAS@BKN 12/12/2017 07:30PM ET",16.662,"BKN"
"C","Miles Plumlee",3500,"ATL@CLE 12/12/2017 07:00PM ET",11.107,"ATL"
"PG/SG","Iman Shumpert",3500,"ATL@CLE 12/12/2017 07:00PM ET",12.192,"CLE"
"C","Mike Muscala",3500,"ATL@CLE 12/12/2017 07:00PM ET",16.333,"ATL"
"PF/C","Guillermo Hernangomez",3500,"LAL@NY 12/12/2017 07:00PM ET",12.339,"NY"
"PG/SG","Devin Harris",3500,"SA@DAL 12/12/2017 08:30PM ET",16.095,"DAL"
"SF/PF","Davis Bertans",3500,"SA@DAL 12/12/2017 08:30PM ET",8.625,"SA"
"PG/SG","Tyus Jones",3500,"PHI@MIN 12/12/2017 09:30PM ET",12.565,"MIN"
"PG/SG","Jerryd Bayless",3500,"PHI@MIN 12/12/2017 09:30PM ET",16.55,"PHI"
"SG/SF","Shabazz Muhammad",3500,"PHI@MIN 12/12/2017 09:30PM ET",7.25,"MIN"
"SF/PF","Nemanja Bjelica",3500,"PHI@MIN 12/12/2017 09:30PM ET",13.514,"MIN"
"PF/C","Jarrett Allen",3400,"WAS@BKN 12/12/2017 07:30PM ET",13.441,"BKN"
"PG/SG","Malcolm Delaney",3400,"ATL@CLE 12/12/2017 07:00PM ET",11.763,"ATL"
"SG/SF","Damyean Dotson",3400,"LAL@NY 12/12/2017 07:00PM ET",5.765,"NY"
"C","Ivica Zubac",3400,"LAL@NY 12/12/2017 07:00PM ET",1.333,"LAL"
"PF/C","Skal Labissiere",3400,"PHO@SAC 12/12/2017 10:00PM ET",15.469,"SAC"
"SF/PF","Dragan Bender",3400,"PHO@SAC 12/12/2017 10:00PM ET",12.268,"PHO"
"SG","Jodie Meeks",3300,"WAS@BKN 12/12/2017 07:30PM ET",10.606,"WAS"
"PF/C","Channing Frye",3300,"ATL@CLE 12/12/2017 07:00PM ET",9.68,"CLE"
"C","Joakim Noah",3300,"LAL@NY 12/12/2017 07:00PM ET",9.625,"NY"
"PG/SG","Ron Baker",3300,"LAL@NY 12/12/2017 07:00PM ET",10.969,"NY"
"SG/SF","Justin Jackson",3300,"PHO@SAC 12/12/2017 10:00PM ET",9.986,"SAC"
"C","Kosta Koufos",3300,"PHO@SAC 12/12/2017 10:00PM ET",15.433,"SAC"
"SG","Luke Kennard",3200,"DEN@DET 12/12/2017 07:00PM ET",11.226,"DET"
"PF/C","Jason Smith",3200,"WAS@BKN 12/12/2017 07:30PM ET",5.778,"WAS"
"C","Ian Mahinmi",3200,"WAS@BKN 12/12/2017 07:30PM ET",10.798,"WAS"
"PG/SG","Isaiah Whitehead",3200,"WAS@BKN 12/12/2017 07:30PM ET",12.722,"BKN"
"PG","Isaiah Taylor",3200,"ATL@CLE 12/12/2017 07:00PM ET",11.921,"ATL"
"SF/PF","Lance Thomas",3200,"LAL@NY 12/12/2017 07:00PM ET",8.598,"NY"
"C","Alan Williams",3200,"PHO@SAC 12/12/2017 10:00PM ET",0,"PHO"
"SG/SF","Timothe Luwawu-Cabarrot",3200,"PHI@MIN 12/12/2017 09:30PM ET",10.83,"PHI"
"PG/SG","Langston Galloway",3100,"DEN@DET 12/12/2017 07:00PM ET",10.458,"DET"
"PF/C","Quincy Acy",3100,"WAS@BKN 12/12/2017 07:30PM ET",12.063,"BKN"
"PG","Ramon Sessions",3100,"LAL@NY 12/12/2017 07:00PM ET",11.4,"NY"
"C","Salah Mejri",3100,"SA@DAL 12/12/2017 08:30PM ET",12.102,"DAL"
"SG/SF","Reggie Bullock",3000,"DEN@DET 12/12/2017 07:00PM ET",6.875,"DET"
"PG","Dwight Buycks",3000,"DEN@DET 12/12/2017 07:00PM ET",0,"DET"
"C","Boban Marjanovic",3000,"DEN@DET 12/12/2017 07:00PM ET",8.429,"DET"
"PF/C","Eric Moreland",3000,"DEN@DET 12/12/2017 07:00PM ET",7.943,"DET"
"PF/C","Jon Leuer",3000,"DEN@DET 12/12/2017 07:00PM ET",11.813,"DET"
"SF","Luis Montero",3000,"DEN@DET 12/12/2017 07:00PM ET",0,"DET"
"PF/C","Henry Ellenson",3000,"DEN@DET 12/12/2017 07:00PM ET",10.094,"DET"
"PF","Tyler Lydon",3000,"DEN@DET 12/12/2017 07:00PM ET",0,"DEN"
"PG","Monte Morris",3000,"DEN@DET 12/12/2017 07:00PM ET",0,"DEN"
"PF","Darrell Arthur",3000,"DEN@DET 12/12/2017 07:00PM ET",2.75,"DEN"
"SF/PF","Richard Jefferson",3000,"DEN@DET 12/12/2017 07:00PM ET",3.219,"DEN"
"SG/SF","Torrey Craig",3000,"DEN@DET 12/12/2017 07:00PM ET",1.25,"DEN"
"SG","Sheldon Mac",3000,"WAS@BKN 12/12/2017 07:30PM ET",0,"WAS"
"SG","Devin Robinson",3000,"WAS@BKN 12/12/2017 07:30PM ET",0,"WAS"
"PF/C","Chris McCullough",3000,"WAS@BKN 12/12/2017 07:30PM ET",7.167,"WAS"
"PF","Mike Young",3000,"WAS@BKN 12/12/2017 07:30PM ET",0,"WAS"
"C","Timofey Mozgov",3000,"WAS@BKN 12/12/2017 07:30PM ET",10.792,"BKN"
"PG/SG","Jeremy Lin",3000,"WAS@BKN 12/12/2017 07:30PM ET",23,"BKN"
"PG","Jacob Wiley",3000,"WAS@BKN 12/12/2017 07:30PM ET",4.65,"BKN"
"SG","Yakuba Ouattara",3000,"WAS@BKN 12/12/2017 07:30PM ET",0,"BKN"
"PF/C","Ante Zizic",3000,"ATL@CLE 12/12/2017 07:00PM ET",3.694,"CLE"
"SG/SF","Cedi Osman",3000,"ATL@CLE 12/12/2017 07:00PM ET",4.544,"CLE"
"PG","London Perrantes",3000,"ATL@CLE 12/12/2017 07:00PM ET",0,"CLE"
"SG/SF","John Holland",3000,"ATL@CLE 12/12/2017 07:00PM ET",1.833,"CLE"
"PG","Jose Calderon",3000,"ATL@CLE 12/12/2017 07:00PM ET",7.958,"CLE"
"PG","Josh Magette",3000,"ATL@CLE 12/12/2017 07:00PM ET",6.188,"ATL"
"PG/SG","Tyler Dorsey",3000,"ATL@CLE 12/12/2017 07:00PM ET",4.188,"ATL"
"PF","Luke Kornet",3000,"LAL@NY 12/12/2017 07:00PM ET",0,"NY"
"PF","Isaiah Hicks",3000,"LAL@NY 12/12/2017 07:00PM ET",0,"NY"
"PF/C","Thomas Bryant",3000,"LAL@NY 12/12/2017 07:00PM ET",0,"LAL"
"PG/SG","Tyler Ennis",3000,"LAL@NY 12/12/2017 07:00PM ET",4.396,"LAL"
"PG/SG","Josh Hart",3000,"LAL@NY 12/12/2017 07:00PM ET",8.313,"LAL"
"PG/SG","Alex Caruso",3000,"LAL@NY 12/12/2017 07:00PM ET",4.75,"LAL"
"SF/PF","Luol Deng",3000,"LAL@NY 12/12/2017 07:00PM ET",5,"LAL"
"C","Andrew Bogut",3000,"LAL@NY 12/12/2017 07:00PM ET",7.533,"LAL"
"SG/SF","Corey Brewer",3000,"LAL@NY 12/12/2017 07:00PM ET",6.95,"LAL"
"PG/SG","Vander Blue",3000,"LAL@NY 12/12/2017 07:00PM ET",0.938,"LAL"
"PF","Jack Cooley",3000,"PHO@SAC 12/12/2017 10:00PM ET",4.75,"SAC"
"SG/SF","Vince Carter",3000,"PHO@SAC 12/12/2017 10:00PM ET",7.426,"SAC"
"C","Georgios Papagiannis",3000,"PHO@SAC 12/12/2017 10:00PM ET",6.5,"SAC"
"PF/C","Harry Giles",3000,"PHO@SAC 12/12/2017 10:00PM ET",0,"SAC"
"SG/SF","Malachi Richardson",3000,"PHO@SAC 12/12/2017 10:00PM ET",6.979,"SAC"
"SG/SF","Danuel House",3000,"PHO@SAC 12/12/2017 10:00PM ET",2.75,"PHO"
"PG/SG","Brandon Knight",3000,"PHO@SAC 12/12/2017 10:00PM ET",0,"PHO"
"PF","Alec Peters",3000,"PHO@SAC 12/12/2017 10:00PM ET",3.75,"PHO"
"SG/SF","Davon Reed",3000,"PHO@SAC 12/12/2017 10:00PM ET",0,"PHO"
"PF","Matt Costello",3000,"SA@DAL 12/12/2017 08:30PM ET",12.25,"SA"
"PF/C","Joffrey Lauvergne",3000,"SA@DAL 12/12/2017 08:30PM ET",9.635,"SA"
"PG","Derrick White",3000,"SA@DAL 12/12/2017 08:30PM ET",6.65,"SA"
"SG/SF","Darrun Hilliard",3000,"SA@DAL 12/12/2017 08:30PM ET",3.813,"SA"
"SF","Dorian Finney-Smith",3000,"SA@DAL 12/12/2017 08:30PM ET",5.875,"DAL"
"C","Jeff Withey",3000,"SA@DAL 12/12/2017 08:30PM ET",3.781,"DAL"
"PF/C","Josh McRoberts",3000,"SA@DAL 12/12/2017 08:30PM ET",0,"DAL"
"PF","Nerlens Noel",3000,"SA@DAL 12/12/2017 08:30PM ET",12.132,"DAL"
"PF/C","Johnathan Motley",3000,"SA@DAL 12/12/2017 08:30PM ET",0,"DAL"
"SG","Antonius Cleveland",3000,"SA@DAL 12/12/2017 08:30PM ET",5.393,"DAL"
"SG/SF","Furkan Korkmaz",3000,"PHI@MIN 12/12/2017 09:30PM ET",3.583,"PHI"
"SG/SF","Justin Anderson",3000,"PHI@MIN 12/12/2017 09:30PM ET",9.875,"PHI"
"PG","Jacob Pullen",3000,"PHI@MIN 12/12/2017 09:30PM ET",0,"PHI"
"PF","James Michael McAdoo",3000,"PHI@MIN 12/12/2017 09:30PM ET",5,"PHI"
"PG/SG","Aaron Brooks",3000,"PHI@MIN 12/12/2017 09:30PM ET",3.958,"MIN"
"C","Cole Aldrich",3000,"PHI@MIN 12/12/2017 09:30PM ET",1.15,"MIN"
"SG/SF","Anthony Brown",3000,"PHI@MIN 12/12/2017 09:30PM ET",0,"MIN"
"SG/SF","Marcus Georges-Hunt",3000,"PHI@MIN 12/12/2017 09:30PM ET",0.917,"MIN"
"C","Justin Patton",3000,"PHI@MIN 12/12/2017 09:30PM ET",0,"MIN"
