"Position","Name","Salary","GameInfo","AvgPointsPerGame","teamAbbrev"
"C","Joel Embiid",10100,"PHI@MIN 12/12/2017 09:30PM ET",46.774,"PHI"
"PG/SF","Ben Simmons",9800,"PHI@MIN 12/12/2017 09:30PM ET",46.09,"PHI"
"C","Karl-Anthony Towns",8700,"PHI@MIN 12/12/2017 09:30PM ET",41.75,"MIN"
"SG","Jimmy Butler",8000,"PHI@MIN 12/12/2017 09:30PM ET",37.15,"MIN"
"SG/SF","Devin Booker",7800,"PHO@SAC 12/12/2017 10:00PM ET",38.3,"PHO"
"PF/C","Zach Randolph",7100,"PHO@SAC 12/12/2017 10:00PM ET",29.031,"SAC"
"SF/PF","T.J. Warren",6900,"PHO@SAC 12/12/2017 10:00PM ET",30.536,"PHO"
"PG","Jeff Teague",6500,"PHI@MIN 12/12/2017 09:30PM ET",31.696,"MIN"
"SF/PF","Robert Covington",6200,"PHI@MIN 12/12/2017 09:30PM ET",31.49,"PHI"
"PF/C","Taj Gibson",6000,"PHI@MIN 12/12/2017 09:30PM ET",26.694,"MIN"
"SF/PF","Andrew Wiggins",6000,"PHI@MIN 12/12/2017 09:30PM ET",29.269,"MIN"
"PF/C","Dario Saric",5700,"PHI@MIN 12/12/2017 09:30PM ET",25.19,"PHI"
"SG/SF","Buddy Hield",5600,"PHO@SAC 12/12/2017 10:00PM ET",22.625,"SAC"
"SG/SF","J.J. Redick",5400,"PHI@MIN 12/12/2017 09:30PM ET",27.24,"PHI"
"PF/C","Willie Cauley-Stein",5300,"PHO@SAC 12/12/2017 10:00PM ET",23.946,"SAC"
"PF/C","Greg Monroe",5000,"PHO@SAC 12/12/2017 10:00PM ET",22.219,"PHO"
"PG","De'Aaron Fox",4700,"PHO@SAC 12/12/2017 10:00PM ET",21.192,"SAC"
"C","Tyson Chandler",4500,"PHO@SAC 12/12/2017 10:00PM ET",22.763,"PHO"
"PF/C","Alex Len",4500,"PHO@SAC 12/12/2017 10:00PM ET",23.489,"PHO"
"PG","Mike James",4300,"PHO@SAC 12/12/2017 10:00PM ET",21.973,"PHO"
"SG/SF","Josh Jackson",4300,"PHO@SAC 12/12/2017 10:00PM ET",17.42,"PHO"
"PF/C","Trevor Booker",4300,"PHI@MIN 12/12/2017 09:30PM ET",22.975,"PHI"
"PG","T.J. McConnell",4300,"PHI@MIN 12/12/2017 09:30PM ET",20.845,"PHI"
"PG","Tyler Ulis",4200,"PHO@SAC 12/12/2017 10:00PM ET",17.769,"PHO"
"PF/C","Marquese Chriss",4100,"PHO@SAC 12/12/2017 10:00PM ET",17.277,"PHO"
"PG/SG","George Hill",4000,"PHO@SAC 12/12/2017 10:00PM ET",18.5,"SAC"
"SG","Troy Daniels",3900,"PHO@SAC 12/12/2017 10:00PM ET",9.714,"PHO"
"PG/SG","Frank Mason III",3900,"PHO@SAC 12/12/2017 10:00PM ET",15.711,"SAC"
"SG/SF","Bogdan Bogdanovic",3800,"PHO@SAC 12/12/2017 10:00PM ET",18.326,"SAC"
"PF/C","Gorgui Dieng",3800,"PHI@MIN 12/12/2017 09:30PM ET",15.802,"MIN"
"PF/C","Richaun Holmes",3800,"PHI@MIN 12/12/2017 09:30PM ET",14.417,"PHI"
"PG/SG","Markelle Fultz",3800,"PHI@MIN 12/12/2017 09:30PM ET",12.438,"PHI"
"PF","Jared Dudley",3700,"PHO@SAC 12/12/2017 10:00PM ET",12.354,"PHO"
"PG/SG","Garrett Temple",3700,"PHO@SAC 12/12/2017 10:00PM ET",16.21,"SAC"
"SF/PF","Jakarr Sampson",3700,"PHO@SAC 12/12/2017 10:00PM ET",13.75,"SAC"
"SG","Jamal Crawford",3600,"PHI@MIN 12/12/2017 09:30PM ET",14.981,"MIN"
"PF/C","Amir Johnson",3600,"PHI@MIN 12/12/2017 09:30PM ET",15.896,"PHI"
"PG/SG","Jerryd Bayless",3500,"PHI@MIN 12/12/2017 09:30PM ET",16.55,"PHI"
"SF/PF","Nemanja Bjelica",3500,"PHI@MIN 12/12/2017 09:30PM ET",13.514,"MIN"
"SG/SF","Shabazz Muhammad",3500,"PHI@MIN 12/12/2017 09:30PM ET",7.25,"MIN"
"PG/SG","Tyus Jones",3500,"PHI@MIN 12/12/2017 09:30PM ET",12.565,"MIN"
"PF/C","Skal Labissiere",3400,"PHO@SAC 12/12/2017 10:00PM ET",15.469,"SAC"
"SF/PF","Dragan Bender",3400,"PHO@SAC 12/12/2017 10:00PM ET",12.268,"PHO"
"C","Kosta Koufos",3300,"PHO@SAC 12/12/2017 10:00PM ET",15.433,"SAC"
"SG/SF","Justin Jackson",3300,"PHO@SAC 12/12/2017 10:00PM ET",9.986,"SAC"
"C","Alan Williams",3200,"PHO@SAC 12/12/2017 10:00PM ET",0,"PHO"
"SG/SF","Timothe Luwawu-Cabarrot",3200,"PHI@MIN 12/12/2017 09:30PM ET",10.83,"PHI"
"SG/SF","Vince Carter",3000,"PHO@SAC 12/12/2017 10:00PM ET",7.426,"SAC"
"PF","Jack Cooley",3000,"PHO@SAC 12/12/2017 10:00PM ET",4.75,"SAC"
"PG/SG","Brandon Knight",3000,"PHO@SAC 12/12/2017 10:00PM ET",0,"PHO"
"SG/SF","Danuel House",3000,"PHO@SAC 12/12/2017 10:00PM ET",2.75,"PHO"
"SG/SF","Davon Reed",3000,"PHO@SAC 12/12/2017 10:00PM ET",0,"PHO"
"PF","Alec Peters",3000,"PHO@SAC 12/12/2017 10:00PM ET",3.75,"PHO"
"SG/SF","Malachi Richardson",3000,"PHO@SAC 12/12/2017 10:00PM ET",6.979,"SAC"
"C","Georgios Papagiannis",3000,"PHO@SAC 12/12/2017 10:00PM ET",6.5,"SAC"
"PF/C","Harry Giles",3000,"PHO@SAC 12/12/2017 10:00PM ET",0,"SAC"
"PG/SG","Aaron Brooks",3000,"PHI@MIN 12/12/2017 09:30PM ET",3.958,"MIN"
"C","Cole Aldrich",3000,"PHI@MIN 12/12/2017 09:30PM ET",1.15,"MIN"
"PG","Jacob Pullen",3000,"PHI@MIN 12/12/2017 09:30PM ET",0,"PHI"
"SG/SF","Anthony Brown",3000,"PHI@MIN 12/12/2017 09:30PM ET",0,"MIN"
"PF","James Michael McAdoo",3000,"PHI@MIN 12/12/2017 09:30PM ET",5,"PHI"
"SG/SF","Marcus Georges-Hunt",3000,"PHI@MIN 12/12/2017 09:30PM ET",0.917,"MIN"
"SG/SF","Justin Anderson",3000,"PHI@MIN 12/12/2017 09:30PM ET",9.875,"PHI"
"C","Justin Patton",3000,"PHI@MIN 12/12/2017 09:30PM ET",0,"MIN"
"SG/SF","Furkan Korkmaz",3000,"PHI@MIN 12/12/2017 09:30PM ET",3.583,"PHI"
